original_url,label,source
https://azure.microsoft.com/login,0,legitimate
https://www.cloud.google.com,0,legitimate
https://bing.com/account,0,legitimate
https://docker.com/login,0,legitimate
https://www.github.com/contact,0,legitimate
https://www.netflix.com/contact,0,legitimate
https://www.docker.com/about,0,legitimate
https://linkedin.com/login,0,legitimate
https://www.azure.microsoft.com,0,legitimate
https://bing.com/profile,0,legitimate
https://www.mozilla.org/contact,0,legitimate
https://www.wikipedia.org/about,0,legitimate
https://www.kubernetes.io/about,0,legitimate
https://github.com/login,0,legitimate
https://twitter.com/profile,0,legitimate
https://docker.com,0,legitimate
https://npmjs.com/settings,0,legitimate
https://stackoverflow.com/account,0,legitimate
https://mozilla.org/account,0,legitimate
https://twitter.com/account,0,legitimate
https://kubernetes.io/account,0,legitimate
https://www.bing.com/about,0,legitimate
https://www.linkedin.com/contact,0,legitimate
https://wikipedia.org/login,0,legitimate
https://netflix.com,0,legitimate
https://duckduckgo.com/account,0,legitimate
https://python.org/login,0,legitimate
https://stackoverflow.com,0,legitimate
https://www.microsoft.com,0,legitimate
https://www.aws.amazon.com/contact,0,legitimate
https://netflix.com/settings,0,legitimate
https://www.apple.com/contact,0,legitimate
https://paypal.com,0,legitimate
https://aws.amazon.com,0,legitimate
https://ebay.com/settings,0,legitimate
https://yahoo.com,0,legitimate
https://linkedin.com/profile,0,legitimate
https://www.yahoo.com/contact,0,legitimate
https://www.paypal.com/about,0,legitimate
https://reddit.com/account,0,legitimate
https://reddit.com,0,legitimate
https://kubernetes.io,0,legitimate
https://www.paypal.com,0,legitimate
https://www.instagram.com,0,legitimate
https://youtube.com/settings,0,legitimate
https://www.instagram.com/contact,0,legitimate
https://bing.com/login,0,legitimate
https://cloud.google.com/profile,0,legitimate
https://www.youtube.com/about,0,legitimate
https://python.org/profile,0,legitimate
https://mozilla.org/login,0,legitimate
https://www.amazon.com/about,0,legitimate
https://wikipedia.org,0,legitimate
https://npmjs.com/account,0,legitimate
https://ebay.com,0,legitimate
https://www.wikipedia.org,0,legitimate
https://stackoverflow.com/profile,0,legitimate
https://www.twitter.com,0,legitimate
https://reddit.com/login,0,legitimate
https://facebook.com/settings,0,legitimate
https://twitter.com/settings,0,legitimate
https://www.google.com,0,legitimate
https://bing.com,0,legitimate
https://facebook.com,0,legitimate
https://reddit.com/settings,0,legitimate
https://mozilla.org,0,legitimate
https://youtube.com/account,0,legitimate
https://twitter.com/login,0,legitimate
https://www.netflix.com,0,legitimate
https://www.docker.com/contact,0,legitimate
https://www.wikipedia.org/contact,0,legitimate
https://github.com/settings,0,legitimate
https://amazon.com/profile,0,legitimate
https://wikipedia.org/settings,0,legitimate
https://microsoft.com/account,0,legitimate
https://cloud.google.com/login,0,legitimate
https://www.reddit.com,0,legitimate
https://duckduckgo.com/profile,0,legitimate
https://apple.com/profile,0,legitimate
https://www.azure.microsoft.com/about,0,legitimate
https://docker.com/settings,0,legitimate
https://linkedin.com/settings,0,legitimate
https://microsoft.com/login,0,legitimate
https://yahoo.com/settings,0,legitimate
https://www.linkedin.com/about,0,legitimate
https://www.ebay.com/contact,0,legitimate
https://wikipedia.org/account,0,legitimate
https://www.bing.com/contact,0,legitimate
https://paypal.com/login,0,legitimate
https://www.ebay.com,0,legitimate
https://google.com/account,0,legitimate
https://www.linkedin.com,0,legitimate
https://www.microsoft.com/about,0,legitimate
https://www.npmjs.com/contact,0,legitimate
https://paypal.com/profile,0,legitimate
https://instagram.com/account,0,legitimate
https://www.youtube.com,0,legitimate
https://duckduckgo.com,0,legitimate
https://amazon.com/settings,0,legitimate
https://ebay.com/account,0,legitimate
https://www.facebook.com,0,legitimate
https://www.stackoverflow.com/about,0,legitimate
https://www.bing.com,0,legitimate
https://www.paypal.com/contact,0,legitimate
https://amazon.com/login,0,legitimate
https://github.com/profile,0,legitimate
https://cloud.google.com/account,0,legitimate
https://npmjs.com/profile,0,legitimate
https://www.google.com/about,0,legitimate
https://wikipedia.org/profile,0,legitimate
https://www.duckduckgo.com/about,0,legitimate
https://www.azure.microsoft.com/contact,0,legitimate
https://duckduckgo.com/settings,0,legitimate
https://google.com/settings,0,legitimate
https://amazon.com,0,legitimate
https://azure.microsoft.com/settings,0,legitimate
https://mozilla.org/settings,0,legitimate
https://www.npmjs.com,0,legitimate
https://mozilla.org/profile,0,legitimate
https://paypal.com/account,0,legitimate
https://github.com/account,0,legitimate
https://www.facebook.com/about,0,legitimate
https://www.ebay.com/about,0,legitimate
https://aws.amazon.com/login,0,legitimate
https://docker.com/account,0,legitimate
https://google.com,0,legitimate
https://aws.amazon.com/account,0,legitimate
https://python.org/settings,0,legitimate
https://www.twitter.com/about,0,legitimate
https://www.python.org/contact,0,legitimate
https://twitter.com,0,legitimate
https://microsoft.com/settings,0,legitimate
https://bing.com/settings,0,legitimate
https://microsoft.com,0,legitimate
https://ebay.com/profile,0,legitimate
https://www.stackoverflow.com/contact,0,legitimate
https://python.org/account,0,legitimate
https://www.mozilla.org/about,0,legitimate
https://youtube.com/login,0,legitimate
https://www.amazon.com/contact,0,legitimate
https://www.docker.com,0,legitimate
https://www.microsoft.com/contact,0,legitimate
https://www.instagram.com/about,0,legitimate
https://www.python.org,0,legitimate
https://microsoft.com/profile,0,legitimate
https://duckduckgo.com/login,0,legitimate
https://www.aws.amazon.com,0,legitimate
https://google.com/profile,0,legitimate
https://netflix.com/login,0,legitimate
https://www.apple.com,0,legitimate
https://www.yahoo.com,0,legitimate
https://aws.amazon.com/profile,0,legitimate
https://npmjs.com,0,legitimate
https://azure.microsoft.com,0,legitimate
https://apple.com/login,0,legitimate
https://youtube.com,0,legitimate
https://amazon.com/account,0,legitimate
https://www.google.com/contact,0,legitimate
https://www.netflix.com/about,0,legitimate
https://instagram.com/profile,0,legitimate
https://youtube.com/profile,0,legitimate
https://www.kubernetes.io/contact,0,legitimate
https://aws.amazon.com/settings,0,legitimate
https://instagram.com/login,0,legitimate
https://github.com,0,legitimate
https://www.github.com,0,legitimate
https://facebook.com/profile,0,legitimate
https://kubernetes.io/login,0,legitimate
https://yahoo.com/profile,0,legitimate
https://stackoverflow.com/login,0,legitimate
https://www.python.org/about,0,legitimate
https://linkedin.com,0,legitimate
https://www.kubernetes.io,0,legitimate
https://www.yahoo.com/about,0,legitimate
https://www.cloud.google.com/about,0,legitimate
https://www.aws.amazon.com/about,0,legitimate
https://www.facebook.com/contact,0,legitimate
https://www.apple.com/about,0,legitimate
https://netflix.com/profile,0,legitimate
https://apple.com/account,0,legitimate
https://www.npmjs.com/about,0,legitimate
https://cloud.google.com/settings,0,legitimate
https://npmjs.com/login,0,legitimate
https://facebook.com/account,0,legitimate
https://apple.com,0,legitimate
https://instagram.com,0,legitimate
https://www.stackoverflow.com,0,legitimate
https://facebook.com/login,0,legitimate
https://python.org,0,legitimate
https://cloud.google.com,0,legitimate
https://kubernetes.io/profile,0,legitimate
https://yahoo.com/login,0,legitimate
https://www.amazon.com,0,legitimate
https://www.mozilla.org,0,legitimate
https://azure.microsoft.com/profile,0,legitimate
https://google.com/login,0,legitimate
https://apple.com/settings,0,legitimate
https://www.duckduckgo.com,0,legitimate
https://yahoo.com/account,0,legitimate
https://www.duckduckgo.com/contact,0,legitimate
https://www.reddit.com/contact,0,legitimate
https://reddit.com/profile,0,legitimate
https://paypal.com/settings,0,legitimate
https://www.youtube.com/contact,0,legitimate
https://azure.microsoft.com/account,0,legitimate
https://linkedin.com/account,0,legitimate
https://ebay.com/login,0,legitimate
https://www.cloud.google.com/contact,0,legitimate
https://stackoverflow.com/settings,0,legitimate
https://kubernetes.io/settings,0,legitimate
https://www.twitter.com/contact,0,legitimate
https://netflix.com/account,0,legitimate
https://www.github.com/about,0,legitimate
https://instagram.com/settings,0,legitimate
https://docker.com/profile,0,legitimate
https://www.reddit.com/about,0,legitimate
